[
    {
        "arguments": "./dnsrecon.py -t brt -d darkoperator.com --json out.json --iw",
        "date": "2017-10-21 11:35:34.952578",
        "type": "ScanInfo"
    },
    {
        "name": "calendar.darkoperator.com",
        "target": "ghs.google.com",
        "type": "CNAME"
    },
    {
        "address": "216.58.193.179",
        "name": "ghs.google.com",
        "type": "A"
    },
    {
        "name": "calendar.darkoperator.com",
        "target": "ghs.google.com",
        "type": "CNAME"
    },
    {
        "address": "2607:f8b0:4002:812::2013",
        "name": "ghs.google.com",
        "type": "AAAA"
    },
    {
        "name": "docs.darkoperator.com",
        "target": "ghs.google.com",
        "type": "CNAME"
    },
    {
        "address": "216.58.193.179",
        "name": "ghs.google.com",
        "type": "A"
    },
    {
        "name": "docs.darkoperator.com",
        "target": "ghs.google.com",
        "type": "CNAME"
    },
    {
        "address": "2607:f8b0:4002:812::2013",
        "name": "ghs.google.com",
        "type": "AAAA"
    },
    {
        "address": "198.105.244.228",
        "name": "home.darkoperator.com",
        "type": "A"
    },
    {
        "address": "198.105.254.228",
        "name": "home.darkoperator.com",
        "type": "A"
    },
    {
        "address": "198.105.244.228",
        "name": "homebase.darkoperator.com",
        "type": "A"
    },
    {
        "address": "198.105.254.228",
        "name": "homebase.darkoperator.com",
        "type": "A"
    },
    {
        "address": "198.105.244.228",
        "name": "homer.darkoperator.com",
        "type": "A"
    },
    {
        "address": "198.105.254.228",
        "name": "homer.darkoperator.com",
        "type": "A"
    },
    {
        "address": "198.105.244.228",
        "name": "http.darkoperator.com",
        "type": "A"
    },
    {
        "address": "198.105.254.228",
        "name": "http.darkoperator.com",
        "type": "A"
    },
    {
        "address": "198.105.244.228",
        "name": "https.darkoperator.com",
        "type": "A"
    },
    {
        "address": "198.105.254.228",
        "name": "https.darkoperator.com",
        "type": "A"
    }
]